THREONINE-DEG2-PWY,GJA5-553
GLNSYN-PWY,GJA5-1253
GLNSYN-PWY,GJA5-1252
PWY-6277,GJA5-1012
PWY-6277,GJA5-1010
PWY-6277,GJA5-1014
PWY-6277,GJA5-1009
PWY-6277,GJA5-1008
PWY-6277,GJA5-1011
PWY-7380,GJA5-2493
PWY-7380,GJA5-2491
PWY-7380,GJA5-2492
PWY-6910,GJA5-2155
PWY-6910,GJA5-582
PWY0-1507,GJA5-2493
PWY0-1507,GJA5-2491
PWY0-1507,GJA5-2492
P122-PWY,GJA5-1166
P122-PWY,GJA5-1717
P122-PWY,GJA5-803
P122-PWY,GJA5-804
P122-PWY,GJA5-380
P122-PWY,GJA5-806
P122-PWY,GJA5-830
P122-PWY,GJA5-2482
P122-PWY,GJA5-807
P122-PWY,GJA5-1727
P122-PWY,GJA5-591
P122-PWY,GJA5-2185
P122-PWY,GJA5-1993
P122-PWY,GJA5-164
P122-PWY,GJA5-145
P122-PWY,GJA5-608
P122-PWY,GJA5-1541
P122-PWY,GJA5-2649
P122-PWY,GJA5-229
P122-PWY,GJA5-896
P122-PWY,GJA5-2610
P122-PWY,GJA5-2577
P122-PWY,GJA5-1582
P122-PWY,GJA5-2098
ETOH-ACETYLCOA-ANA-PWY,GJA5-145
ETOH-ACETYLCOA-ANA-PWY,GJA5-608
ETOH-ACETYLCOA-ANA-PWY,GJA5-2185
ETOH-ACETYLCOA-ANA-PWY,GJA5-1993
ETOH-ACETYLCOA-ANA-PWY,GJA5-164
RUMP-PWY,GJA5-572
RUMP-PWY,GJA5-573
RUMP-PWY,GJA5-896
RUMP-PWY,GJA5-1541
FASYN-ELONG-PWY,GJA5-947
FASYN-ELONG-PWY,GJA5-1175
FASYN-ELONG-PWY,GJA5-919
FASYN-ELONG-PWY,GJA5-918
ARGDEGRAD-PWY,GJA5-2683
ARGDEGRAD-PWY,GJA5-1110
ARGDEGRAD-PWY,GJA5-2681
ARGDEGRAD-PWY,GJA5-1111
ARGDEGRAD-PWY,GJA5-2684
PWY0-381,GJA5-1244
PWY0-381,GJA5-893
PWY0-381,GJA5-42
PWY0-381,GJA5-1245
PWY-4261,GJA5-1244
PWY-4261,GJA5-1245
PWY-6543,GJA5-743
PWY-6543,GJA5-742
PWY-6543,GJA5-522
PWY-6543,GJA5-223
ARGORNPROST-PWY,GJA5-2683
ARGORNPROST-PWY,GJA5-1110
ARGORNPROST-PWY,GJA5-2681
ARGORNPROST-PWY,GJA5-1111
ARGORNPROST-PWY,GJA5-2684
ARGORNPROST-PWY,GJA5-181
ARGORNPROST-PWY,GJA5-891
ARGORNPROST-PWY,GJA5-1539
ARGORNPROST-PWY,GJA5-114
PWY4FS-8,GJA5-1205
PWY4FS-8,GJA5-1173
PWY4FS-8,GJA5-1447
PWY4FS-8,GJA5-1227
PWY-6578,GJA5-2489
PWY-6578,GJA5-2490
PWY-5480,GJA5-212
PWY-5480,GJA5-2185
PWY-5480,GJA5-1993
PWY-5480,GJA5-164
PWY-5480,GJA5-145
PWY-5480,GJA5-608
PWY-6599,GJA5-497
CITRULLINE-DEG-PWY,GJA5-2683
CITRULLINE-DEG-PWY,GJA5-1110
CITRULLINE-DEG-PWY,GJA5-2681
CITRULLINE-DEG-PWY,GJA5-1111
ANAGLYCOLYSIS-PWY,GJA5-1582
ANAGLYCOLYSIS-PWY,GJA5-896
ANAGLYCOLYSIS-PWY,GJA5-1728
ANAGLYCOLYSIS-PWY,GJA5-727
ANAGLYCOLYSIS-PWY,GJA5-2653
ANAGLYCOLYSIS-PWY,GJA5-2188
ANAGLYCOLYSIS-PWY,GJA5-119
ANAGLYCOLYSIS-PWY,GJA5-805
ANAGLYCOLYSIS-PWY,GJA5-1717
ANAGLYCOLYSIS-PWY,GJA5-803
ANAGLYCOLYSIS-PWY,GJA5-804
ANAGLYCOLYSIS-PWY,GJA5-807
ANAGLYCOLYSIS-PWY,GJA5-1727
ANAGLYCOLYSIS-PWY,GJA5-380
ANAGLYCOLYSIS-PWY,GJA5-806
ANAGLYCOLYSIS-PWY,GJA5-830
ANAGLYCOLYSIS-PWY,GJA5-2482
PWY-6620,GJA5-497
PWY-6620,GJA5-133
PWY-6620,GJA5-2201
THIOREDOX-PWY,GJA5-793
PWY-6609,GJA5-133
PWY-6609,GJA5-2201
PWY-6609,GJA5-497
PWY-6605,GJA5-1666
PWY-5785,GJA5-1204
PWY66-400,GJA5-1728
PWY66-400,GJA5-727
PWY66-400,GJA5-2653
PWY66-400,GJA5-2188
PWY66-400,GJA5-119
PWY66-400,GJA5-805
PWY66-400,GJA5-1717
PWY66-400,GJA5-803
PWY66-400,GJA5-804
PWY66-400,GJA5-380
PWY66-400,GJA5-806
PWY66-400,GJA5-830
PWY66-400,GJA5-2482
PWY66-400,GJA5-807
PWY66-400,GJA5-1727
PWY66-400,GJA5-896
PWY66-400,GJA5-1582
PWY-5100,GJA5-1233
PWY-5100,GJA5-1740
PWY-5100,GJA5-591
PWY-5100,GJA5-2649
PWY-5100,GJA5-229
PWY0-662,GJA5-487
PWY-7411,GJA5-1173
PWY-7411,GJA5-1447
GLUTSYNIII-PWY,GJA5-453
GLUTSYNIII-PWY,GJA5-452
P121-PWY,GJA5-133
P121-PWY,GJA5-2201
P121-PWY,GJA5-1666
PWY-5971,GJA5-2162
PWY-5971,GJA5-919
PWY-5971,GJA5-918
PWY-5971,GJA5-1175
SALVPURINE2-PWY,GJA5-395
SALVPURINE2-PWY,GJA5-2201
SALVPURINE2-PWY,GJA5-133
PWY0-1298,GJA5-1602
PWY0-1298,GJA5-2199
PWY0-1298,GJA5-136
PWY0-1298,GJA5-2200
PWY0-1298,GJA5-135
PWY0-1298,GJA5-2185
PWY0-1298,GJA5-1993
PWY0-1298,GJA5-164
PWY-2941,GJA5-1368
PWY-2941,GJA5-1300
PWY-2941,GJA5-1369
PWY-2941,GJA5-1370
PWY-2941,GJA5-1372
PWY-2941,GJA5-1375
PWY0-1391,GJA5-1632
PWY-1861,GJA5-572
PWY-1861,GJA5-573
PWY-1861,GJA5-1728
PWY-1861,GJA5-727
PWY-1861,GJA5-2653
PWY-1861,GJA5-2188
PWY-1861,GJA5-119
PWY-1861,GJA5-1817
PWY-1861,GJA5-1315
PWY-1861,GJA5-1166
PWY-1861,GJA5-2400
PWY-5918,GJA5-1698
PWY-5918,GJA5-1699
PWY-5918,GJA5-1697
PWY-5918,GJA5-1936
PWY-5918,GJA5-1696
PWY-5918,GJA5-1701
PWY-5918,GJA5-530
PWY-5918,GJA5-1876
PWY-5918,GJA5-1874
PWY-5918,GJA5-1875
PWY-5918,GJA5-1617
PWY-5918,GJA5-20
PWY-5918,GJA5-2231
PWY-5918,GJA5-1866
PWY-3722,GJA5-2660
PWY-5676,GJA5-338
PWY-5676,GJA5-218
PWY-5676,GJA5-1740
PWY-5676,GJA5-591
PWY-4621,GJA5-677
PWY-5852,GJA5-983
PWY-621,GJA5-2099
PWY-621,GJA5-896
PWY-621,GJA5-1582
PWY-621,GJA5-2098
ANARESP1-PWY,GJA5-1727
ANARESP1-PWY,GJA5-1324
ANARESP1-PWY,GJA5-1894
ANARESP1-PWY,GJA5-212
ANARESP1-PWY,GJA5-807
ANARESP1-PWY,GJA5-799
PWY0-1309,GJA5-257
PWY-6587,GJA5-2185
PWY-6587,GJA5-1993
PWY-6587,GJA5-164
PWY-6587,GJA5-145
PWY-6587,GJA5-608
PWY-6587,GJA5-1233
BETSYN-PWY,GJA5-2659
BETSYN-PWY,GJA5-2660
PWY0-1568,GJA5-432
PWY0-1568,GJA5-1026
PWY-6164,GJA5-1440
PWY-6164,GJA5-1767
PWY-5481,GJA5-2649
PWY-5481,GJA5-229
PYRIDNUCSYN-PWY,GJA5-1985
DENITRIFICATION-PWY,GJA5-254
PWY0-1567,GJA5-432
PWY0-1567,GJA5-1026
PWY-5686,GJA5-1146
PWY-5686,GJA5-1147
PWY-5686,GJA5-1144
PWY-5686,GJA5-1145
PWY-5686,GJA5-1149
PWY-5686,GJA5-1148
PWY-5686,GJA5-2638
CHOLINE-BETAINE-ANA-PWY,GJA5-2660
CHOLINE-BETAINE-ANA-PWY,GJA5-2659
SERSYN-PWY,GJA5-1752
PWY-6537,GJA5-2651
PEPTIDOGLYCANSYN-PWY,GJA5-1393
PEPTIDOGLYCANSYN-PWY,GJA5-1125
PEPTIDOGLYCANSYN-PWY,GJA5-2187
PEPTIDOGLYCANSYN-PWY,GJA5-2163
PEPTIDOGLYCANSYN-PWY,GJA5-767
PEPTIDOGLYCANSYN-PWY,GJA5-2145
PEPTIDOGLYCANSYN-PWY,GJA5-1770
PEPTIDOGLYCANSYN-PWY,GJA5-1126
PEPTIDOGLYCANSYN-PWY,GJA5-1091
PEPTIDOGLYCANSYN-PWY,GJA5-956
PEPTIDOGLYCANSYN-PWY,GJA5-2146
PWY-7181,GJA5-1602
PWY-7181,GJA5-2199
HISDEG-PWY,GJA5-8
HISDEG-PWY,GJA5-2395
HISDEG-PWY,GJA5-2394
HISDEG-PWY,GJA5-2398
ARG-GLU-PWY,GJA5-114
ARG-GLU-PWY,GJA5-2226
GLYCEROLMETAB-PWY,GJA5-651
GLYCEROLMETAB-PWY,GJA5-650
PWY-6535,GJA5-2651
PWY0-1561,GJA5-1245
PWY0-1561,GJA5-1026
PWY-7180,GJA5-136
PWY-7180,GJA5-2200
PWY-7180,GJA5-135
PWY-7180,GJA5-2185
PWY-7180,GJA5-1993
PWY-7180,GJA5-164
PWY0-1295,GJA5-1602
PWY0-1295,GJA5-2199
ILEUDEG-PWY,GJA5-557
ILEUDEG-PWY,GJA5-338
PWY-6536,GJA5-2651
PWY-6147,GJA5-503
PWY-6147,GJA5-502
PWY-6147,GJA5-568
FERMENTATION-PWY,GJA5-591
FERMENTATION-PWY,GJA5-1740
FERMENTATION-PWY,GJA5-212
FERMENTATION-PWY,GJA5-2185
FERMENTATION-PWY,GJA5-1993
FERMENTATION-PWY,GJA5-164
FERMENTATION-PWY,GJA5-145
FERMENTATION-PWY,GJA5-608
FERMENTATION-PWY,GJA5-1727
FERMENTATION-PWY,GJA5-2610
FERMENTATION-PWY,GJA5-2577
FERMENTATION-PWY,GJA5-1894
FERMENTATION-PWY,GJA5-1324
FERMENTATION-PWY,GJA5-799
PWY-2301,GJA5-2376
PWY-2301,GJA5-1047
PWY-5143,GJA5-221
PWY-7193,GJA5-1602
PWY-7193,GJA5-1642
PWY-2201,GJA5-1762
PWY-2201,GJA5-2176
PWY-2201,GJA5-1003
PWY-2201,GJA5-1585
ANAEROFRUCAT-PWY,GJA5-2649
ANAEROFRUCAT-PWY,GJA5-229
ANAEROFRUCAT-PWY,GJA5-1582
ANAEROFRUCAT-PWY,GJA5-896
ANAEROFRUCAT-PWY,GJA5-1728
ANAEROFRUCAT-PWY,GJA5-727
ANAEROFRUCAT-PWY,GJA5-2653
ANAEROFRUCAT-PWY,GJA5-2188
ANAEROFRUCAT-PWY,GJA5-119
ANAEROFRUCAT-PWY,GJA5-805
ANAEROFRUCAT-PWY,GJA5-1717
ANAEROFRUCAT-PWY,GJA5-803
ANAEROFRUCAT-PWY,GJA5-804
ANAEROFRUCAT-PWY,GJA5-807
ANAEROFRUCAT-PWY,GJA5-1727
ANAEROFRUCAT-PWY,GJA5-380
ANAEROFRUCAT-PWY,GJA5-806
ANAEROFRUCAT-PWY,GJA5-830
ANAEROFRUCAT-PWY,GJA5-2482
PWY-5600,GJA5-1233
PWY-5600,GJA5-1740
PWY-5600,GJA5-591
PWY-5382,GJA5-1751
PWY-5964,GJA5-2336
PWY0-1329,GJA5-1026
PWY0-1329,GJA5-1090
PWY0-1329,GJA5-1089
PWY-6758,GJA5-1751
PWY-1622,GJA5-380
PWY-1622,GJA5-806
PWY-1622,GJA5-830
PWY-1622,GJA5-2482
PWY-1622,GJA5-807
PWY-1622,GJA5-2176
PWY-1622,GJA5-2499
PWY-1622,GJA5-771
PWY-1622,GJA5-799
PWY-5188,GJA5-1698
PWY-5188,GJA5-1699
PWY-5188,GJA5-1697
PWY-5188,GJA5-1936
PWY-5188,GJA5-1696
PWY-5188,GJA5-1701
PWY-5188,GJA5-530
PWY-5188,GJA5-20
PWY-5188,GJA5-2231
PWY-5188,GJA5-1866
GLUDEG-I-PWY,GJA5-2651
PWY0-1312,GJA5-1740
PWY0-1312,GJA5-591
PWY0-1335,GJA5-883
PWY0-1335,GJA5-432
PWY0-1335,GJA5-1026
RIBOSYN2-PWY,GJA5-1804
RIBOSYN2-PWY,GJA5-1802
RIBOSYN2-PWY,GJA5-1805
RIBOSYN2-PWY,GJA5-1803
RIBOSYN2-PWY,GJA5-568
PWY-5667,GJA5-1205
PWY-5667,GJA5-1173
PWY-5667,GJA5-1447
PWY0-1324,GJA5-304
PWY0-1324,GJA5-301
PWY-6470,GJA5-2187
PWY-6470,GJA5-2163
PWY-6470,GJA5-767
PWY-6470,GJA5-1770
PWY-6470,GJA5-1126
PWY-6470,GJA5-1091
PWY-6470,GJA5-2146
PWY-6470,GJA5-1125
PWY-6470,GJA5-1393
PWY-6823,GJA5-2335
PWY-6823,GJA5-2334
PWY-6823,GJA5-2340
PWY-6823,GJA5-1654
GLYCOCAT-PWY,GJA5-1543
GLYCOCAT-PWY,GJA5-1582
PWY0-1334,GJA5-883
PWY0-1334,GJA5-432
PWY0-1334,GJA5-1026
PWY0-1353,GJA5-1090
PWY0-1353,GJA5-1089
PWY0-1353,GJA5-1026
PWY0-1021,GJA5-1654
PWY0-1297,GJA5-133
PWY0-1297,GJA5-2201
PWY0-1297,GJA5-136
PWY0-1297,GJA5-2200
PWY0-1297,GJA5-135
PWY0-1297,GJA5-2185
PWY0-1297,GJA5-1993
PWY0-1297,GJA5-164
PWY-6748,GJA5-254
PWY-5988,GJA5-1951
PWY-5988,GJA5-1775
PWY-5988,GJA5-876
PWY-7250,GJA5-1654
PWY0-1313,GJA5-1763
PWY-6892,GJA5-1654
DENOVOPURINE2-PWY,GJA5-1010
DENOVOPURINE2-PWY,GJA5-1014
DENOVOPURINE2-PWY,GJA5-1009
DENOVOPURINE2-PWY,GJA5-1008
DENOVOPURINE2-PWY,GJA5-1011
DENOVOPURINE2-PWY,GJA5-1006
DENOVOPURINE2-PWY,GJA5-1013
DENOVOPURINE2-PWY,GJA5-397
DENOVOPURINE2-PWY,GJA5-223
DENOVOPURINE2-PWY,GJA5-522
DENOVOPURINE2-PWY,GJA5-398
DENOVOPURINE2-PWY,GJA5-1153
DENOVOPURINE2-PWY,GJA5-19
DENOVOPURINE2-PWY,GJA5-1980
DENOVOPURINE2-PWY,GJA5-2294
DENOVOPURINE2-PWY,GJA5-2172
DENOVOPURINE2-PWY,GJA5-2171
DENOVOPURINE2-PWY,GJA5-2170
DENOVOPURINE2-PWY,GJA5-2169
DENOVOPURINE2-PWY,GJA5-2168
DENOVOPURINE2-PWY,GJA5-2167
DENOVOPURINE2-PWY,GJA5-2166
DENOVOPURINE2-PWY,GJA5-2165
DENOVOPURINE2-PWY,GJA5-2173
DENOVOPURINE2-PWY,GJA5-761
DENOVOPURINE2-PWY,GJA5-760
DENOVOPURINE2-PWY,GJA5-1442
DENOVOPURINE2-PWY,GJA5-2664
PWY0-166,GJA5-2664
PWY0-166,GJA5-2049
PWY0-166,GJA5-469
PWY0-166,GJA5-1442
PWY0-166,GJA5-761
PWY0-166,GJA5-760
PWY0-166,GJA5-1092
PWY0-166,GJA5-1403
PWY-6952,GJA5-893
PWY-6952,GJA5-42
PWY-6952,GJA5-1245
PWY-6019,GJA5-1529
DETOX1-PWY-1,GJA5-1588
DETOX1-PWY-1,GJA5-130
DETOX1-PWY-1,GJA5-1307
DETOX1-PWY-1,GJA5-2668
DETOX1-PWY-1,GJA5-1249
UDPNAGSYN-PWY,GJA5-486
UDPNAGSYN-PWY,GJA5-2214
UDPNAGSYN-PWY,GJA5-2223
UDPNAGSYN-PWY,GJA5-896
PWY-6125,GJA5-397
PWY-6125,GJA5-223
PWY-6125,GJA5-522
PWY-6125,GJA5-398
PWY-6125,GJA5-1153
PWY-6125,GJA5-2664
PWY-6125,GJA5-761
PWY-6125,GJA5-760
PWY-6125,GJA5-1442
GLUTSYN-PWY,GJA5-452
GLUTSYN-PWY,GJA5-453
PWY-5485,GJA5-212
PWY-5485,GJA5-1740
PWY-5485,GJA5-591
PWY-7200,GJA5-469
PWY-7200,GJA5-1450
PWY-7200,GJA5-1442
PWY-7200,GJA5-1602
PWY-7200,GJA5-2182
PWY-7200,GJA5-1403
PWY-5493,GJA5-212
PWY-5493,GJA5-1233
PWY-6163,GJA5-1441
PWY-6163,GJA5-1439
PWY-6163,GJA5-1573
PWY-6163,GJA5-1629
PWY-6163,GJA5-834
PWY-6151,GJA5-2197
PWY-6151,GJA5-1823
PWY-6151,GJA5-340
PWY-5155,GJA5-2644
PWY-7228,GJA5-397
PWY-7228,GJA5-223
PWY-7228,GJA5-522
PWY-7228,GJA5-398
PWY-7228,GJA5-1153
PWY-7228,GJA5-761
PWY-7228,GJA5-760
PWY-7228,GJA5-1442
GLUTAMINEFUM-PWY,GJA5-452
GLUTAMINEFUM-PWY,GJA5-453
PWY1-2,GJA5-1738
PWY1-2,GJA5-1414
PWY-7208,GJA5-1450
PWY-7208,GJA5-1202
PWY-7208,GJA5-1442
PWY-7208,GJA5-2190
PWY-7208,GJA5-2175
PWY-7208,GJA5-1142
PWY-5074,GJA5-2596
GLUTAMATE-DEG1-PWY,GJA5-892
PWY-6126,GJA5-19
PWY-6126,GJA5-1980
PWY-6126,GJA5-2294
PWY-6126,GJA5-2172
PWY-6126,GJA5-2171
PWY-6126,GJA5-2170
PWY-6126,GJA5-2169
PWY-6126,GJA5-2168
PWY-6126,GJA5-2167
PWY-6126,GJA5-2166
PWY-6126,GJA5-2165
PWY-6126,GJA5-2173
PWY-6126,GJA5-761
PWY-6126,GJA5-760
PWY-6126,GJA5-1442
PWY-6126,GJA5-2664
ALACAT2-PWY,GJA5-2610
ALACAT2-PWY,GJA5-2577
ALACAT2-PWY,GJA5-892
PWY-6018,GJA5-1951
PWY-6018,GJA5-1775
PWY-6018,GJA5-876
PWY-6466,GJA5-521
PWY-3781,GJA5-883
PWY-3781,GJA5-432
PWY-3781,GJA5-1090
PWY-3781,GJA5-1089
FOLSYN-PWY,GJA5-501
FOLSYN-PWY,GJA5-1402
FOLSYN-PWY,GJA5-503
FOLSYN-PWY,GJA5-502
FOLSYN-PWY,GJA5-568
FOLSYN-PWY,GJA5-743
FOLSYN-PWY,GJA5-742
FOLSYN-PWY,GJA5-522
FOLSYN-PWY,GJA5-223
FOLSYN-PWY,GJA5-1012
PWY-7229,GJA5-19
PWY-7229,GJA5-1980
PWY-7229,GJA5-2294
PWY-7229,GJA5-2172
PWY-7229,GJA5-2171
PWY-7229,GJA5-2170
PWY-7229,GJA5-2169
PWY-7229,GJA5-2168
PWY-7229,GJA5-2167
PWY-7229,GJA5-2166
PWY-7229,GJA5-2165
PWY-7229,GJA5-2173
PWY-7229,GJA5-761
PWY-7229,GJA5-760
PWY-7229,GJA5-1442
PWY-5704,GJA5-2354
PWY-5704,GJA5-2353
PWY-5704,GJA5-2352
GLUCONSUPER-PWY,GJA5-2557
CYSTSYN-PWY,GJA5-531
CYSTSYN-PWY,GJA5-500
PWY-6012-1,GJA5-2135
PWY-6012-1,GJA5-176
PWY-5022,GJA5-2651
PWY-5022,GJA5-892
PWY-6612,GJA5-501
PWY-6612,GJA5-1402
PWY-6612,GJA5-503
PWY-6612,GJA5-502
PWY-6612,GJA5-568
PWY-6612,GJA5-743
PWY-6612,GJA5-742
PWY-6612,GJA5-522
PWY-6612,GJA5-223
GLUCONEO-PWY,GJA5-896
GLUCONEO-PWY,GJA5-2653
GLUCONEO-PWY,GJA5-2188
GLUCONEO-PWY,GJA5-119
GLUCONEO-PWY,GJA5-1717
GLUCONEO-PWY,GJA5-803
GLUCONEO-PWY,GJA5-804
GLUCONEO-PWY,GJA5-2482
GLUCONEO-PWY,GJA5-830
GLUCONEO-PWY,GJA5-806
GLUCONEO-PWY,GJA5-380
GLUCONEO-PWY,GJA5-807
GLUCONEO-PWY,GJA5-1825
GLUCONEO-PWY,GJA5-805
GLUCONEO-PWY,GJA5-1731
GLUCONEO-PWY,GJA5-799
ASPARAGINE-DEG1-PWY,GJA5-1451
PWY0-1264,GJA5-1730
PWY0-1264,GJA5-1729
PWY0-1264,GJA5-1562
PWY0-1264,GJA5-1637
SAM-PWY,GJA5-1823
ARGSYNBSUB-PWY,GJA5-895
ARGSYNBSUB-PWY,GJA5-894
ARGSYNBSUB-PWY,GJA5-2683
ARGSYNBSUB-PWY,GJA5-1110
ARGSYNBSUB-PWY,GJA5-180
ARGSYNBSUB-PWY,GJA5-1146
ARGSYNBSUB-PWY,GJA5-1147
ARGSYNBSUB-PWY,GJA5-179
GLYCINE-SYN2-PWY,GJA5-1571
GLYCINE-SYN2-PWY,GJA5-1570
GLYCINE-SYN2-PWY,GJA5-1572
GLYCINE-SYN2-PWY,GJA5-1036
GLYCINE-SYN2-PWY,GJA5-1554
PWY0-1296,GJA5-133
PWY0-1296,GJA5-2201
PWY0-1296,GJA5-136
GLYCLEAV-PWY,GJA5-1571
GLYCLEAV-PWY,GJA5-1570
GLYCLEAV-PWY,GJA5-1572
GLYCLEAV-PWY,GJA5-1036
GLYCLEAV-PWY,GJA5-1554
PWY-6386,GJA5-2187
PWY-6386,GJA5-2163
PWY-6386,GJA5-767
PWY-6386,GJA5-1770
PWY-6386,GJA5-1126
PWY-6386,GJA5-1091
PWY-6386,GJA5-2146
PWY-7199,GJA5-1602
PWY-7199,GJA5-2182
PWY-7199,GJA5-1403
TRNA-CHARGING-PWY,GJA5-610
TRNA-CHARGING-PWY,GJA5-532
TRNA-CHARGING-PWY,GJA5-530
TRNA-CHARGING-PWY,GJA5-1137
TRNA-CHARGING-PWY,GJA5-1795
TRNA-CHARGING-PWY,GJA5-1693
TRNA-CHARGING-PWY,GJA5-1649
TRNA-CHARGING-PWY,GJA5-1429
TRNA-CHARGING-PWY,GJA5-1662
TRNA-CHARGING-PWY,GJA5-1757
TRNA-CHARGING-PWY,GJA5-933
TRNA-CHARGING-PWY,GJA5-1712
TRNA-CHARGING-PWY,GJA5-10
TRNA-CHARGING-PWY,GJA5-1207
TRNA-CHARGING-PWY,GJA5-1080
TRNA-CHARGING-PWY,GJA5-1079
TRNA-CHARGING-PWY,GJA5-477
TRNA-CHARGING-PWY,GJA5-504
TRNA-CHARGING-PWY,GJA5-1663
TRNA-CHARGING-PWY,GJA5-1599
TRNA-CHARGING-PWY,GJA5-2124
TRNA-CHARGING-PWY,GJA5-1923
TRNA-CHARGING-PWY,GJA5-509
TRNA-CHARGING-PWY,GJA5-1904
TRNA-CHARGING-PWY,GJA5-1868
TRNA-CHARGING-PWY,GJA5-1907
TRNA-CHARGING-PWY,GJA5-1869
TRNA-CHARGING-PWY,GJA5-508
TRNA-CHARGING-PWY,GJA5-1925
TRNA-CHARGING-PWY,GJA5-2227
TRNA-CHARGING-PWY,GJA5-1913
TRNA-CHARGING-PWY,GJA5-1918
TRNA-CHARGING-PWY,GJA5-1872
TRNA-CHARGING-PWY,GJA5-1917
TRNA-CHARGING-PWY,GJA5-1870
TRNA-CHARGING-PWY,GJA5-1911
TRNA-CHARGING-PWY,GJA5-512
TRNA-CHARGING-PWY,GJA5-1920
TRNA-CHARGING-PWY,GJA5-1916
TRNA-CHARGING-PWY,GJA5-963
TRNA-CHARGING-PWY,GJA5-454
TRNA-CHARGING-PWY,GJA5-1865
TRNA-CHARGING-PWY,GJA5-1914
TRNA-CHARGING-PWY,GJA5-507
TRNA-CHARGING-PWY,GJA5-1926
TRNA-CHARGING-PWY,GJA5-1910
TRNA-CHARGING-PWY,GJA5-1908
TRNA-CHARGING-PWY,GJA5-2229
TRNA-CHARGING-PWY,GJA5-1909
TRNA-CHARGING-PWY,GJA5-1915
TRNA-CHARGING-PWY,GJA5-1912
TRNA-CHARGING-PWY,GJA5-1871
TRNA-CHARGING-PWY,GJA5-21
TRNA-CHARGING-PWY,GJA5-2232
TRNA-CHARGING-PWY,GJA5-964
TRNA-CHARGING-PWY,GJA5-1867
TRNA-CHARGING-PWY,GJA5-1919
TRNA-CHARGING-PWY,GJA5-1930
TRNA-CHARGING-PWY,GJA5-513
TRNA-CHARGING-PWY,GJA5-506
TRNA-CHARGING-PWY,GJA5-2230
TRNA-CHARGING-PWY,GJA5-1927
TRNA-CHARGING-PWY,GJA5-1922
TRNA-CHARGING-PWY,GJA5-2125
TRNA-CHARGING-PWY,GJA5-1903
TRNA-CHARGING-PWY,GJA5-510
TRNA-CHARGING-PWY,GJA5-1924
TRNA-CHARGING-PWY,GJA5-515
TRNA-CHARGING-PWY,GJA5-1931
TRNA-CHARGING-PWY,GJA5-20
TRNA-CHARGING-PWY,GJA5-2231
TRNA-CHARGING-PWY,GJA5-1866
TRNA-CHARGING-PWY,GJA5-2228
TRNA-CHARGING-PWY,GJA5-1906
TRNA-CHARGING-PWY,GJA5-1905
TRNA-CHARGING-PWY,GJA5-511
TRNA-CHARGING-PWY,GJA5-1116
TRNA-CHARGING-PWY,GJA5-797
TRNA-CHARGING-PWY,GJA5-1921
TEICHOICACID-PWY,GJA5-2174
TEICHOICACID-PWY,GJA5-642
PWY-7221,GJA5-397
PWY-7221,GJA5-223
PWY-7221,GJA5-522
PWY-7221,GJA5-398
PWY-7221,GJA5-1153
PWY-7221,GJA5-1442
PWY-5921,GJA5-1973
PWY-5921,GJA5-1972
PWY-5921,GJA5-1971
PWY-5921,GJA5-2228
PWY-5921,GJA5-1906
PWY-7211,GJA5-2049
PWY-7211,GJA5-1403
PWY-7211,GJA5-469
PWY-7211,GJA5-761
PWY-7211,GJA5-760
PWY-7211,GJA5-1092
PWY-7211,GJA5-1146
PWY-7211,GJA5-1147
PWY-7211,GJA5-1144
PWY-7211,GJA5-1145
PWY-7211,GJA5-1149
PWY-7211,GJA5-1148
PWY-7211,GJA5-2638
PWY-7211,GJA5-1450
PWY-7211,GJA5-1202
PWY-7211,GJA5-1442
PWY-7211,GJA5-2190
P142-PWY,GJA5-1233
P142-PWY,GJA5-1740
P142-PWY,GJA5-591
PWY-5046,GJA5-1553
PWY-5046,GJA5-1552
PWY-5046,GJA5-1036
PWY-5046,GJA5-1554
PWY-6387,GJA5-2187
PWY-6387,GJA5-2163
PWY-6387,GJA5-767
PWY-6387,GJA5-2145
PWY-6387,GJA5-1770
PWY-6387,GJA5-1126
PWY-6387,GJA5-1091
PWY-6387,GJA5-956
PWY-6387,GJA5-2146
NONOXIPENT-PWY,GJA5-1817
NONOXIPENT-PWY,GJA5-1315
NONOXIPENT-PWY,GJA5-1166
NONOXIPENT-PWY,GJA5-2400
PWY-5084,GJA5-1388
PWY-5084,GJA5-1387
PWY-5084,GJA5-1036
PWY-5084,GJA5-1554
PWY-6385,GJA5-1393
PWY-6385,GJA5-2187
PWY-6385,GJA5-2163
PWY-6385,GJA5-767
PWY-6385,GJA5-2145
PWY-6385,GJA5-1770
PWY-6385,GJA5-1126
PWY-6385,GJA5-1091
PWY-6385,GJA5-956
PWY-6385,GJA5-2146
PWY0-522,GJA5-1568
PWY0-522,GJA5-967
PWY0-522,GJA5-592
PWY0-522,GJA5-313
PWY0-501,GJA5-859
SUCSYN-PWY,GJA5-804
SUCSYN-PWY,GJA5-1717
SUCSYN-PWY,GJA5-803
SUCSYN-PWY,GJA5-2653
SUCSYN-PWY,GJA5-2188
SUCSYN-PWY,GJA5-119
SUCSYN-PWY,GJA5-2553
SUCSYN-PWY,GJA5-2240
SUCSYN-PWY,GJA5-896
PWY-7335,GJA5-2174
PWY-6984,GJA5-1568
PWY-6984,GJA5-967
PWY-6984,GJA5-592
PWY-6984,GJA5-313
LACTOSECAT-PWY,GJA5-2262
LACTOSECAT-PWY,GJA5-2258
LACTOSECAT-PWY,GJA5-2264
LACTOSECAT-PWY,GJA5-2263
LACTOSECAT-PWY,GJA5-2261
PWY-5901,GJA5-2694
PWY-5901,GJA5-1991
PWY-5901,GJA5-183
PWY-7343,GJA5-2553
PWY-7343,GJA5-2240
MENAQUINONESYN-PWY,GJA5-1444
PWY0-162,GJA5-1146
PWY0-162,GJA5-1147
PWY0-162,GJA5-1144
PWY0-162,GJA5-1145
PWY0-162,GJA5-1149
PWY0-162,GJA5-1148
PWY0-162,GJA5-2638
PWY0-162,GJA5-1450
PWY0-162,GJA5-1202
PWY0-162,GJA5-1442
PWY0-162,GJA5-2190
MANNIDEG-PWY,GJA5-2220
PWY-7184,GJA5-2049
PWY-7184,GJA5-1403
PWY-7184,GJA5-469
PWY-7184,GJA5-1442
PWY-7184,GJA5-761
PWY-7184,GJA5-760
PWY-7184,GJA5-1092
PWY-5807,GJA5-1443
PWY-7179,GJA5-133
PWY-7179,GJA5-2201
THISYN-PWY,GJA5-2155
THISYN-PWY,GJA5-582
THISYN-PWY,GJA5-2153
THISYN-PWY,GJA5-1654
PWY-7176,GJA5-1450
PWY-7176,GJA5-1202
PWY-7176,GJA5-1442
PWY-7176,GJA5-2190
PWY-6614,GJA5-501
PWY-6614,GJA5-1402
PWY0-1479,GJA5-2760
PWY0-1314,GJA5-727
FAO-PWY,GJA5-221
FAO-PWY,GJA5-220
PPGPPMET-PWY,GJA5-1665
PPGPPMET-PWY,GJA5-942
PPGPPMET-PWY,GJA5-1442
PWY-5939,GJA5-2276
PWY-5939,GJA5-2112
PWY-5939,GJA5-2648
PWY-7054,GJA5-522
PWY-7054,GJA5-223
COA-PWY,GJA5-1064
COA-PWY,GJA5-1718
PROUT-PWY,GJA5-2605
PROUT-PWY,GJA5-1801
PWY-901,GJA5-2624
PWY-901,GJA5-2576
PWY-901,GJA5-1545
PWY-901,GJA5-1139
ARG-PRO-PWY,GJA5-1539
ARG-PRO-PWY,GJA5-181
ARG-PRO-PWY,GJA5-891
ARG-PRO-PWY,GJA5-2226
BRANCHED-CHAIN-AA-SYN-PWY,GJA5-2116
BRANCHED-CHAIN-AA-SYN-PWY,GJA5-2115
BRANCHED-CHAIN-AA-SYN-PWY,GJA5-2118
BRANCHED-CHAIN-AA-SYN-PWY,GJA5-2117
BRANCHED-CHAIN-AA-SYN-PWY,GJA5-2111
BRANCHED-CHAIN-AA-SYN-PWY,GJA5-557
BRANCHED-CHAIN-AA-SYN-PWY,GJA5-2114
BRANCHED-CHAIN-AA-SYN-PWY,GJA5-2276
BRANCHED-CHAIN-AA-SYN-PWY,GJA5-2112
BRANCHED-CHAIN-AA-SYN-PWY,GJA5-2119
BRANCHED-CHAIN-AA-SYN-PWY,GJA5-1413
BRANCHED-CHAIN-AA-SYN-PWY,GJA5-2582
BRANCHED-CHAIN-AA-SYN-PWY,GJA5-2581
RIBOKIN-PWY,GJA5-259
RIBOKIN-PWY,GJA5-260
PWY0-862,GJA5-1175
PWY-6630,GJA5-1440
PWY-6630,GJA5-1441
PWY-6630,GJA5-1439
PWY-6630,GJA5-1573
PWY-6630,GJA5-1629
PWY-6630,GJA5-834
PWY-6630,GJA5-1340
PWY-6630,GJA5-1767
GLUAMCAT-PWY,GJA5-571
GLUAMCAT-PWY,GJA5-729
PWY-2161,GJA5-1692
PWY-2161,GJA5-1762
PWY-2161,GJA5-2176
PWY-6344,GJA5-181
PWY-6344,GJA5-891
PWY-6344,GJA5-1539
PWY-6700,GJA5-757
PWY-6700,GJA5-1670
PWY-6700,GJA5-1671
PWY-6629,GJA5-1440
PWY-6629,GJA5-1767
PWY-6629,GJA5-1441
PWY-6629,GJA5-1439
PWY-6629,GJA5-1573
PWY-6629,GJA5-1629
PWY-6629,GJA5-834
PWY-6629,GJA5-1347
PWY-6629,GJA5-1348
PWY-6629,GJA5-1345
PWY-6629,GJA5-1344
PWY-6629,GJA5-1350
PWY-6629,GJA5-1349
PWY-6629,GJA5-1935
PWY-5461,GJA5-590
1CMET2-PWY,GJA5-1402
1CMET2-PWY,GJA5-1585
1CMET2-PWY,GJA5-1003
1CMET2-PWY,GJA5-2176
1CMET2-PWY,GJA5-1403
PWY-7222,GJA5-2664
PWY-7222,GJA5-761
PWY-7222,GJA5-760
PWY-7222,GJA5-1442
ARGASEDEG-PWY,GJA5-2226
ARGASEDEG-PWY,GJA5-181
ARGASEDEG-PWY,GJA5-891
ARGASEDEG-PWY,GJA5-2605
PWY-7226,GJA5-761
PWY-7226,GJA5-760
PWY-7226,GJA5-1442
PANTOSYN-PWY,GJA5-2645
PANTOSYN-PWY,GJA5-2647
PANTOSYN-PWY,GJA5-2510
PANTOSYN-PWY,GJA5-2646
PANTOSYN-PWY,GJA5-2193
PANTOSYN-PWY,GJA5-1064
PANTOSYN-PWY,GJA5-1718
PANTOSYN-PWY,GJA5-2644
PWY-5695,GJA5-397
PWY-5695,GJA5-142
PWY-5695,GJA5-27
PWY-5695,GJA5-858
PWY-5695,GJA5-962
PWY-5695,GJA5-2201
PWY-5695,GJA5-133
PWY-6518,GJA5-266
SER-GLYSYN-PWY,GJA5-1752
SER-GLYSYN-PWY,GJA5-2176
PWY-7224,GJA5-1442
PWY-6502,GJA5-447
PWY0-1261,GJA5-187
PWY0-1261,GJA5-2018
PWY0-1261,GJA5-993
PWY0-1261,GJA5-2693
PWY0-1261,GJA5-2371
PWY0-1261,GJA5-729
PWY0-1261,GJA5-2223
PWY0-1261,GJA5-486
PWY66-21,GJA5-145
PWY66-21,GJA5-608
PWY66-21,GJA5-164
PWY66-21,GJA5-1993
PWY66-21,GJA5-2185
PWY66-21,GJA5-1763
PWY-5123,GJA5-1557
PWY-5123,GJA5-2411
PANTO-PWY,GJA5-2645
PANTO-PWY,GJA5-2647
PANTO-PWY,GJA5-2510
PANTO-PWY,GJA5-2646
PANTO-PWY,GJA5-2193
PWY-7220,GJA5-761
PWY-7220,GJA5-760
PWY-7220,GJA5-1442
PWY-7220,GJA5-2664
GLUTAMINDEG-PWY,GJA5-2190
GLUTAMINDEG-PWY,GJA5-1147
GLUTAMINDEG-PWY,GJA5-1146
GLUTAMINDEG-PWY,GJA5-453
GLUTAMINDEG-PWY,GJA5-452
GLUTAMINDEG-PWY,GJA5-398
GLUTAMINDEG-PWY,GJA5-522
GLUTAMINDEG-PWY,GJA5-223
GLUTAMINDEG-PWY,GJA5-521
PYRUVDEHYD-PWY,GJA5-1035
PYRUVDEHYD-PWY,GJA5-1036
PYRUVDEHYD-PWY,GJA5-1554
PYRUVDEHYD-PWY,GJA5-1033
PYRUVDEHYD-PWY,GJA5-1034
PWY-7219,GJA5-19
PWY-7219,GJA5-1980
PWY-7219,GJA5-2294
PWY-7219,GJA5-2172
PWY-7219,GJA5-2171
PWY-7219,GJA5-2170
PWY-7219,GJA5-2169
PWY-7219,GJA5-2168
PWY-7219,GJA5-2167
PWY-7219,GJA5-2166
PWY-7219,GJA5-2165
PWY-7219,GJA5-2173
AMMASSIM-PWY,GJA5-1253
AMMASSIM-PWY,GJA5-1252
AMMASSIM-PWY,GJA5-452
AMMASSIM-PWY,GJA5-453
LIPAS-PWY,GJA5-2718
LIPAS-PWY,GJA5-306
PWY-7310,GJA5-2589
PWY-7310,GJA5-2445
PWY-7310,GJA5-2260
PWY-7310,GJA5-2259
PWY-7310,GJA5-2219
PWY-7310,GJA5-2217
PWY-7310,GJA5-1398
PWY-7310,GJA5-233
PWY-7310,GJA5-185
SERDEG-PWY,GJA5-2582
SERDEG-PWY,GJA5-2581
PWY66-162,GJA5-164
PWY66-162,GJA5-1993
PWY66-162,GJA5-2185
PWY66-162,GJA5-1307
PWY66-162,GJA5-1763
PWY-6282,GJA5-1175
PWY-6282,GJA5-919
PWY-6282,GJA5-918
PWY-7227,GJA5-761
PWY-7227,GJA5-760
PWY-7227,GJA5-1442
PWY-922,GJA5-338
PWY-922,GJA5-218
PWY-922,GJA5-2597
PWY-922,GJA5-593
PWY-922,GJA5-595
PWY-922,GJA5-594
PWY-922,GJA5-2411
PWY-7185,GJA5-2190
PWY-7185,GJA5-1092
PWY-7185,GJA5-142
PWY-7185,GJA5-27
PWY-7185,GJA5-858
PWY-7185,GJA5-962
TRPSYN-PWY,GJA5-1347
TRPSYN-PWY,GJA5-1348
TRPSYN-PWY,GJA5-1345
TRPSYN-PWY,GJA5-1344
TRPSYN-PWY,GJA5-1350
TRPSYN-PWY,GJA5-1349
TRPSYN-PWY,GJA5-1935
ILEUSYN-PWY,GJA5-2111
ILEUSYN-PWY,GJA5-557
ILEUSYN-PWY,GJA5-2114
ILEUSYN-PWY,GJA5-2276
ILEUSYN-PWY,GJA5-2112
ILEUSYN-PWY,GJA5-2119
ILEUSYN-PWY,GJA5-1413
ILEUSYN-PWY,GJA5-2582
ILEUSYN-PWY,GJA5-2581
ARO-PWY,GJA5-1440
ARO-PWY,GJA5-1767
ARO-PWY,GJA5-1441
ARO-PWY,GJA5-1439
ARO-PWY,GJA5-1573
ARO-PWY,GJA5-1629
ARO-PWY,GJA5-834
GLYSYN-PWY,GJA5-2176
PWY-6613,GJA5-1012
HEME-BIOSYNTHESIS-II,GJA5-1876
HEME-BIOSYNTHESIS-II,GJA5-1874
HEME-BIOSYNTHESIS-II,GJA5-1875
HEME-BIOSYNTHESIS-II,GJA5-1617
LEUSYN-PWY,GJA5-2116
LEUSYN-PWY,GJA5-557
LEUSYN-PWY,GJA5-2115
LEUSYN-PWY,GJA5-2118
LEUSYN-PWY,GJA5-2117
HISTSYN-PWY,GJA5-2725
HISTSYN-PWY,GJA5-752
HISTSYN-PWY,GJA5-2723
HISTSYN-PWY,GJA5-2722
HISTSYN-PWY,GJA5-2720
HISTSYN-PWY,GJA5-2721
HISTSYN-PWY,GJA5-2719
HISTSYN-PWY,GJA5-2726
HISTSYN-PWY,GJA5-2727
PWY-7183,GJA5-2175
PWY-7183,GJA5-1142
PWY-7400,GJA5-895
PWY-7400,GJA5-894
PWY-7400,GJA5-2683
PWY-7400,GJA5-1110
PWY-7400,GJA5-1146
PWY-7400,GJA5-1147
PWY-7400,GJA5-180
PWY-6608,GJA5-142
PWY-6608,GJA5-27
PWY-6608,GJA5-858
PWY-6608,GJA5-962
PWY-6608,GJA5-133
PWY-6608,GJA5-2201
PWY0-1544,GJA5-1026
PWY0-1544,GJA5-1801
PWY-3801,GJA5-896
PWY-3801,GJA5-2098
PWY-3801,GJA5-2553
PWY-3801,GJA5-2240
PWY-6890,GJA5-2155
PWY-6890,GJA5-582
REDCITCYC,GJA5-1894
REDCITCYC,GJA5-1324
REDCITCYC,GJA5-1234
REDCITCYC,GJA5-2654
REDCITCYC,GJA5-2433
TYRSYN,GJA5-1340
TYRSYN,GJA5-1767
PWY0-1415,GJA5-1874
PWY0-1415,GJA5-1875
PWY0-1415,GJA5-1876
PWY0-1415,GJA5-1617
PWY-5005,GJA5-2489
PWY-5005,GJA5-2490
PWY-5005,GJA5-2493
PWY-5005,GJA5-2491
PWY-5005,GJA5-2492
PWY-5057,GJA5-557
PWY-5057,GJA5-608
PWY-5057,GJA5-145
VALSYN-PWY,GJA5-2111
VALSYN-PWY,GJA5-557
VALSYN-PWY,GJA5-2114
VALSYN-PWY,GJA5-2276
VALSYN-PWY,GJA5-2112
ALANINE-VALINESYN-PWY,GJA5-557
ALANINE-VALINESYN-PWY,GJA5-2134
ALANINE-VALINESYN-PWY,GJA5-1374
PWY0-1545,GJA5-1227
PWY0-1545,GJA5-2150
PWY0-1545,GJA5-1291
PWY-6893,GJA5-2153
ACETATEUTIL-PWY,GJA5-1763
ACETATEUTIL-PWY,GJA5-1740
ACETATEUTIL-PWY,GJA5-591
PWY-6944,GJA5-221
PWY-5668,GJA5-2150
PWY-5668,GJA5-1291
PWY-5668,GJA5-1227
PWY-6122,GJA5-1010
PWY-6122,GJA5-1014
PWY-6122,GJA5-1009
PWY-6122,GJA5-1008
PWY-6122,GJA5-1011
PWY-6894,GJA5-2153
MANNCAT-PWY,GJA5-2691
MANNCAT-PWY,GJA5-2206
PWY-5659,GJA5-896
PWY-5659,GJA5-2691
PWY-5659,GJA5-2206
PWY-5659,GJA5-2550
DETOX1-PWY,GJA5-1588
DETOX1-PWY,GJA5-130
DETOX1-PWY,GJA5-1307
HEMESYN2-PWY,GJA5-1875
HEMESYN2-PWY,GJA5-1876
HEMESYN2-PWY,GJA5-1617
PWY-5989,GJA5-919
PWY-5989,GJA5-918
PWY-5989,GJA5-1175
PWY-6121,GJA5-1010
PWY-6121,GJA5-1014
PWY-6121,GJA5-1012
PWY-6121,GJA5-1009
PWY-6121,GJA5-1008
PWY-6121,GJA5-1011
PWY-6897,GJA5-2154
PWY-6897,GJA5-2153
PWY-6897,GJA5-2155
PWY-6897,GJA5-582
PWY-7205,GJA5-1450
PWY-7205,GJA5-1442
PWY-7187,GJA5-2049
PWY-7187,GJA5-1403
PWY-7187,GJA5-469
PWY-7187,GJA5-1442
PWY-7187,GJA5-2664
HOMOSER-THRESYN-PWY,GJA5-1303
HOMOSER-THRESYN-PWY,GJA5-1302
GLCMANNANAUT-PWY,GJA5-571
GLCMANNANAUT-PWY,GJA5-729
GLCMANNANAUT-PWY,GJA5-304
GLCMANNANAUT-PWY,GJA5-301
ARABCAT-PWY,GJA5-555
PWY-7353,GJA5-2153
PWY-7353,GJA5-2154
HOMOSERSYN-PWY,GJA5-1368
HOMOSERSYN-PWY,GJA5-1300
HOMOSERSYN-PWY,GJA5-1369
HOMOSERSYN-PWY,GJA5-1301
PWY-6123,GJA5-1006
PWY-6123,GJA5-1980
PWY-6123,GJA5-1013
PWY-7197,GJA5-469
PWY-7197,GJA5-1450
PWY-7197,GJA5-1442
ORN-AMINOPENTANOATE-CAT-PWY,GJA5-114
